,Sub,Mon
DeadMic,0,0
DeadEnz,0,0
Cellulose,0.4024,0.01811
Hemicellulose,0.2352,0.01058
Starch,0.0335,0.00151
Chitin,0.0137,0.00062
Lignin,0.1329,0.00598
Protein1,0.029,0.00131
Protein2,0.029,0.00131
Protein3,0.029,0.00131
OrgP1,0.0342,0.00154
OrgP2,0.005,0.00022